COLUMN_A,COLUMN_B,COLUMN_C,COLUMN_D,COLUMN_E,COLUMN_F,COLUMN_G,COLUMN_H,COLUMN_I,COLUMN_J,COLUMN_K,COLUMN_L,COLUMN_M,COLUMN_N,COLUMN_O,COLUMN_P,COLUMN_Q,COLUMN_R,COLUMN_S,COLUMN_T,COLUMN_U,COLUMN_V,COLUMN_W,COLUMN_X,COLUMN_Y,COLUMN_Z,COLUMN_AA,COLUMN_AB,COLUMN_AC,COLUMN_AD,COLUMN_AE,COLUMN_AF,COLUMN_AG,COLUMN_AH,COLUMN_AI,COLUMN_AJ,COLUMN_AK,COLUMN_AL,COLUMN_AM,COLUMN_AN,COLUMN_AO,COLUMN_AP,COLUMN_AQ,COLUMN_AR,COLUMN_AS,COLUMN_AT,COLUMN_AU,COLUMN_AV,COLUMN_AW,COLUMN_AX,COLUMN_AY,COLUMN_AZ,COLUMN_BA,COLUMN_BB,COLUMN_BC,COLUMN_BD,COLUMN_BE,COLUMN_BF,COLUMN_BG,COLUMN_BH,COLUMN_BI,COLUMN_BJ,COLUMN_BK,COLUMN_BL,COLUMN_BM,COLUMN_BN,COLUMN_BO,COLUMN_BP,COLUMN_BQ,COLUMN_BR,COLUMN_BS,COLUMN_BT,COLUMN_BU,COLUMN_BV,COLUMN_BW,COLUMN_BX,COLUMN_BY,COLUMN_BZ,COLUMN_CA,COLUMN_CB,COLUMN_CC,COLUMN_CD,COLUMN_CE,COLUMN_CF,COLUMN_CG,COLUMN_CH,COLUMN_CI,COLUMN_CJ,COLUMN_CK,COLUMN_CL,COLUMN_CM,COLUMN_CN,COLUMN_CO,COLUMN_CP,COLUMN_CQ,COLUMN_CR,COLUMN_CS,COLUMN_CT,COLUMN_CU,COLUMN_CV,COLUMN_CW,COLUMN_CX,COLUMN_CY,COLUMN_CZ,COLUMN_DA,COLUMN_DB,COLUMN_DC,COLUMN_DD,COLUMN_DE,COLUMN_DF,COLUMN_DG,COLUMN_DH,COLUMN_DI,COLUMN_DJ,COLUMN_DK,COLUMN_DL,COLUMN_DM,COLUMN_DN,COLUMN_DO,COLUMN_DP,COLUMN_DQ,COLUMN_DR,COLUMN_DS,COLUMN_DT,COLUMN_DU,COLUMN_DV,COLUMN_DW,COLUMN_DX,COLUMN_DY,COLUMN_DZ,SPR_KEY_ID,CNV_BATCH,SPREADSHEET_NAME,CREATION_DATE,CREATED_BY,LAST_UPDATE_DATE,LAST_UPDATED_BY
,MFM3000017,10/14/2018,HIRE,,10/14/2018,NorthPoint Group,C,Y,,,,,,,,,,,Global Data Elements,,,,,,,,,,,,,,,,,,,,,,,,,,,,,,,,,,,,,,,,,,,,,,,,,,,,,,,,,,,,,,,,,,,,,,,,,,,,,,,,,,,,,,,,,,,,,,,,,,,,,,,,,,,,,,,8731,MLK,WorkRel,2022-01-17 15:41:19,ADMIN,2022-01-17 15:41:41,ADMIN
,MFM3000018,04/06/2014,HIRE,,04/06/2014,XYZ LLC,C,Y,,,,,,,,,,,Global Data Elements,,,,,,,,,,,,,,,,,,,,,,,,,,,,,,,,,,,,,,,,,,,,,,,,,,,,,,,,,,,,,,,,,,,,,,,,,,,,,,,,,,,,,,,,,,,,,,,,,,,,,,,,,,,,,,,8732,MLK,WorkRel,2022-01-17 15:41:19,ADMIN,2022-01-17 15:41:41,ADMIN
,MFM3000019,07/09/2018,HIRE,,07/09/2018,ABC Inc.,C,Y,,,,,,,,,,,Global Data Elements,,,,,,,,,,,,,,,,,,,,,,,,,,,,,,,,,,,,,,,,,,,,,,,,,,,,,,,,,,,,,,,,,,,,,,,,,,,,,,,,,,,,,,,,,,,,,,,,,,,,,,,,,,,,,,,8733,MLK,WorkRel,2022-01-17 15:41:19,ADMIN,2022-01-17 15:41:41,ADMIN
,MFM3000020,10/14/2018,HIRE,,10/14/2018,NorthPoint Group,C,Y,,,,,,,,,,,Global Data Elements,,,,,,,,,,,,,,,,,,,,,,,,,,,,,,,,,,,,,,,,,,,,,,,,,,,,,,,,,,,,,,,,,,,,,,,,,,,,,,,,,,,,,,,,,,,,,,,,,,,,,,,,,,,,,,,8734,MLK,WorkRel,2022-01-17 15:41:19,ADMIN,2022-01-17 15:41:41,ADMIN
,HIRE,MFM3000001,01/16/1978,12/12/1957,,01/16/1978,12/31/4712,US,Mr.,John,JJ,Carson,CHRISTINE,,,,,M,W,US,,,,,,,Global Data Elements,,,,,,,,,SSN,999-99-9999,Y,,1,Y,3000001,,,,,,,,,,,,,,,,,,,,,,,,,,,,,,,,,,,,,,,,,,,,,,,,,,,,,,,,,,,,,,,,,,,,,,,,,,,,,,,,,,,,,,,,8635,MLK,Person,2022-01-17 15:31:11,ADMIN,2022-01-17 15:36:14,ADMIN
,HIRE,MFM3000002,11/28/1977,08/11/1955,,11/28/1977,12/31/4712,US,Mrs.,Samantha,JIM,Randall,F,,,,,F,D,US,,,,,,,Global Data Elements,,,,,,,,,SSN,999-99-9999,Y,,1,Y,3000002,,,,,,,,,,,,,,,,,,,,,,,,,,,,,,,,,,,,,,,,,,,,,,,,,,,,,,,,,,,,,,,,,,,,,,,,,,,,,,,,,,,,,,,,8636,MLK,Person,2022-01-17 15:31:11,ADMIN,2022-01-17 15:36:14,ADMIN
,HIRE,MFM3000003,06/18/1979,07/25/1958,,06/18/1979,12/31/4712,US,Ms.,Amy,,Davidson,,,,,,F,S,US,,,,,,,Global Data Elements,,,,,,,,,SSN,999-99-9999,Y,,1,Y,3000003,,,,,,,,,,,,,,,,,,,,,,,,,,,,,,,,,,,,,,,,,,,,,,,,,,,,,,,,,,,,,,,,,,,,,,,,,,,,,,,,,,,,,,,,8637,MLK,Person,2022-01-17 15:31:11,ADMIN,2022-01-17 15:36:14,ADMIN
,HIRE,MFM3000004,06/02/1980,07/26/1955,,06/02/1980,12/31/4712,US,,Martin,Marty,Friel,A,,,,,M,M,US,,,,,,,Global Data Elements,,,,,,,,,SSN,999-99-9999,Y,,1,Y,3000004,,,,,,,,,,,,,,,,,,,,,,,,,,,,,,,,,,,,,,,,,,,,,,,,,,,,,,,,,,,,,,,,,,,,,,,,,,,,,,,,,,,,,,,,8638,MLK,Person,2022-01-17 15:31:11,ADMIN,2022-01-17 15:36:14,ADMIN
,HIRE,MFM3000005,03/20/1978,09/23/1958,,03/20/1978,12/31/4712,US,,Sam,ss,Smith,A,,,,,M,S,US,,,,,,,Global Data Elements,,,,,,,,,SSN,999-99-9999,Y,,1,Y,3000005,,,,,,,,,,,,,,,,,,,,,,,,,,,,,,,,,,,,,,,,,,,,,,,,,,,,,,,,,,,,,,,,,,,,,,,,,,,,,,,,,,,,,,,,8639,MLK,Person,2022-01-17 15:31:11,ADMIN,2022-01-17 15:36:14,ADMIN
,HIRE,MFM3000006,04/12/1980,06/14/1959,,04/12/1980,12/31/4712,US,,Jon,jj,Pitt,,,,,,M,M,US,,,,,,,Global Data Elements,,,,,,,,,SSN,999-99-9999,Y,,1,Y,3000006,,,,,,,,,,,,,,,,,,,,,,,,,,,,,,,,,,,,,,,,,,,,,,,,,,,,,,,,,,,,,,,,,,,,,,,,,,,,,,,,,,,,,,,,8640,MLK,Person,2022-01-17 15:31:11,ADMIN,2022-01-17 15:36:14,ADMIN
,HIRE,MFM3000007,06/23/1975,02/18/1953,,06/23/1975,12/31/4712,US,,James,,Cary,R,,,,,M,M,US,,,,,,,Global Data Elements,,,,,,,,,SSN,999-99-9999,Y,,1,Y,3000007,,,,,,,,,,,,,,,,,,,,,,,,,,,,,,,,,,,,,,,,,,,,,,,,,,,,,,,,,,,,,,,,,,,,,,,,,,,,,,,,,,,,,,,,8641,MLK,Person,2022-01-17 15:31:11,ADMIN,2022-01-17 15:36:14,ADMIN
,HIRE,MFM3000008,06/01/2015,12/10/1955,,06/01/2015,12/31/4712,US,,Amy,,Leno,B,,,,,F,S,US,,,,,,,Global Data Elements,,,,,,,,,SSN,999-99-9999,Y,,1,Y,3000008,,,,,,,,,,,,,,,,,,,,,,,,,,,,,,,,,,,,,,,,,,,,,,,,,,,,,,,,,,,,,,,,,,,,,,,,,,,,,,,,,,,,,,,,8642,MLK,Person,2022-01-17 15:31:11,ADMIN,2022-01-17 15:36:14,ADMIN
,HIRE,MFM3000009,10/07/2015,07/24/1955,,10/07/2015,12/31/4712,US,,Martin,Marty,Carson,M,,,,,M,M,US,,,,,,,Global Data Elements,,,,,,,,,SSN,999-99-9999,Y,,1,Y,3000009,,,,,,,,,,,,,,,,,,,,,,,,,,,,,,,,,,,,,,,,,,,,,,,,,,,,,,,,,,,,,,,,,,,,,,,,,,,,,,,,,,,,,,,,8643,MLK,Person,2022-01-17 15:31:11,ADMIN,2022-01-17 15:36:14,ADMIN
,HIRE,MFM3000010,09/29/1979,10/16/1959,,09/29/1979,12/31/4712,US,,Sam,,Randall,,,,,,M,M,US,,,,,,,Global Data Elements,,,,,,,,,SSN,999-99-9999,Y,,1,Y,3000010,,,,,,,,,,,,,,,,,,,,,,,,,,,,,,,,,,,,,,,,,,,,,,,,,,,,,,,,,,,,,,,,,,,,,,,,,,,,,,,,,,,,,,,,8644,MLK,Person,2022-01-17 15:31:11,ADMIN,2022-01-17 15:36:14,ADMIN
,HIRE,MFM3000011,08/07/1978,07/01/1957,,08/07/1978,12/31/4712,US,,John,,Davidson,V,,,,,M,D,US,,,,,,,Global Data Elements,,,,,,,,,SSN,999-99-9999,Y,,1,Y,3000011,,,,,,,,,,,,,,,,,,,,,,,,,,,,,,,,,,,,,,,,,,,,,,,,,,,,,,,,,,,,,,,,,,,,,,,,,,,,,,,,,,,,,,,,8645,MLK,Person,2022-01-17 15:31:11,ADMIN,2022-01-17 15:36:14,ADMIN
,HIRE,MFM3000012,06/04/1979,02/07/1957,,06/04/1979,12/31/4712,US,,James,,Friel,H,,,,,M,M,US,,,,,,,Global Data Elements,,,,,,,,,SSN,999-99-9999,Y,,1,Y,3000012,,,,,,,,,,,,,,,,,,,,,,,,,,,,,,,,,,,,,,,,,,,,,,,,,,,,,,,,,,,,,,,,,,,,,,,,,,,,,,,,,,,,,,,,8646,MLK,Person,2022-01-17 15:31:11,ADMIN,2022-01-17 15:36:14,ADMIN
,HIRE,MFM3000013,09/16/1974,12/24/1954,,09/16/1974,12/31/4712,US,,Amy,,Smith,M,,,,,F,S,US,,,,,,,Global Data Elements,,,,,,,,,SSN,999-99-9999,Y,,1,Y,3000013,,,,,,,,,,,,,,,,,,,,,,,,,,,,,,,,,,,,,,,,,,,,,,,,,,,,,,,,,,,,,,,,,,,,,,,,,,,,,,,,,,,,,,,,8647,MLK,Person,2022-01-17 15:31:11,ADMIN,2022-01-17 15:36:14,ADMIN
,HIRE,MFM3000014,01/24/2016,04/13/1971,,01/24/2016,12/31/4712,US,,Martin,Marty,Pitt,B,,,,,M,S,US,,,,,,,Global Data Elements,,,,,,,,,SSN,999-99-9999,Y,,1,Y,3000014,,,,,,,,,,,,,,,,,,,,,,,,,,,,,,,,,,,,,,,,,,,,,,,,,,,,,,,,,,,,,,,,,,,,,,,,,,,,,,,,,,,,,,,,8648,MLK,Person,2022-01-17 15:31:11,ADMIN,2022-01-17 15:36:14,ADMIN
,HIRE,MFM3000015,04/06/2014,02/26/1962,,04/06/2014,12/31/4712,US,,Sam,,Cary,A,,,,,M,M,US,,,,,,,Global Data Elements,,,,,,,,,SSN,999-99-9999,Y,,1,Y,3000015,,,,,,,,,,,,,,,,,,,,,,,,,,,,,,,,,,,,,,,,,,,,,,,,,,,,,,,,,,,,,,,,,,,,,,,,,,,,,,,,,,,,,,,,8649,MLK,Person,2022-01-17 15:31:11,ADMIN,2022-01-17 15:36:14,ADMIN
,HIRE,MFM3000016,07/09/2018,10/11/1977,,07/09/2018,12/31/4712,US,,John,,Leno,S,,,,,M,M,US,,,,,,,Global Data Elements,,,,,,,,,SSN,999-99-9999,Y,,1,Y,3000016,,,,,,,,,,,,,,,,,,,,,,,,,,,,,,,,,,,,,,,,,,,,,,,,,,,,,,,,,,,,,,,,,,,,,,,,,,,,,,,,,,,,,,,,8650,MLK,Person,2022-01-17 15:31:11,ADMIN,2022-01-17 15:36:14,ADMIN
,HIRE,MFM3000017,10/14/2018,11/11/1992,,10/14/2018,12/31/4712,US,,James,Jim,Carson,D,,,,,M,D,US,,,,,,,Global Data Elements,,,,,,,,,SSN,999-99-9999,Y,,1,Y,3000017,,,,,,,,,,,,,,,,,,,,,,,,,,,,,,,,,,,,,,,,,,,,,,,,,,,,,,,,,,,,,,,,,,,,,,,,,,,,,,,,,,,,,,,,8651,MLK,Person,2022-01-17 15:31:11,ADMIN,2022-01-17 15:36:14,ADMIN
,HIRE,MFM3000018,04/06/2014,02/26/1962,,04/06/2014,12/31/4712,US,,Amy,,Randall,A,,,,,F,M,US,,,,,,,Global Data Elements,,,,,,,,,SSN,999-99-9999,Y,,1,Y,3000018,,,,,,,,,,,,,,,,,,,,,,,,,,,,,,,,,,,,,,,,,,,,,,,,,,,,,,,,,,,,,,,,,,,,,,,,,,,,,,,,,,,,,,,,8652,MLK,Person,2022-01-17 15:31:11,ADMIN,2022-01-17 15:36:14,ADMIN
,HIRE,MFM3000019,07/09/2018,10/11/1977,,07/09/2018,12/31/4712,US,,Martin,Marty,Davidson,,,,,,M,M,US,,,,,,,Global Data Elements,,,,,,,,,SSN,999-99-9999,Y,,1,Y,3000019,,,,,,,,,,,,,,,,,,,,,,,,,,,,,,,,,,,,,,,,,,,,,,,,,,,,,,,,,,,,,,,,,,,,,,,,,,,,,,,,,,,,,,,,8653,MLK,Person,2022-01-17 15:31:11,ADMIN,2022-01-17 15:36:14,ADMIN
,HIRE,MFM3000020,10/14/2018,11/11/1992,,10/14/2018,12/31/4712,US,,Sam,,Cary,,,,,,M,M,US,,,,,,,Global Data Elements,,,,,,,,,SSN,999-99-9999,Y,,1,Y,3000020,,,,,,,,,,,,,,,,,,,,,,,,,,,,,,,,,,,,,,,,,,,,,,,,,,,,,,,,,,,,,,,,,,,,,,,,,,,,,,,,,,,,,,,,8654,MLK,Person,2022-01-17 15:31:11,ADMIN,2022-01-17 15:36:14,ADMIN
,MFM3000001,01/16/1978,Y,HOME,352 Beverly Blvd,,Upper Darby,,PA,19082,US,,,,,,,,,,,,,,,,,,,,,,,,,,,,,,,,,,,,,,,,,,,,,,,,,,,,,,,,,,,,,,,,,,,,,,,,,,,,,,,,,,,,,,,,,,,,,,,,,,,,,,,,,,,,,,,,,,,,,,,8875,MLK,Address,2022-01-17 15:48:54,ADMIN,2022-01-17 15:49:19,ADMIN
,MFM3000002,11/28/1977,Y,HOME,2112 Forrester Ave,,Holmes,,PA,19043,US,,,,,,,,,,,,,,,,,,,,,,,,,,,,,,,,,,,,,,,,,,,,,,,,,,,,,,,,,,,,,,,,,,,,,,,,,,,,,,,,,,,,,,,,,,,,,,,,,,,,,,,,,,,,,,,,,,,,,,,8876,MLK,Address,2022-01-17 15:48:54,ADMIN,2022-01-17 15:49:19,ADMIN
,MFM3000003,06/18/1979,Y,HOME,565 East Scenic Rd,,Springfield,,PA,19064,US,,,,,,,,,,,,,,,,,,,,,,,,,,,,,,,,,,,,,,,,,,,,,,,,,,,,,,,,,,,,,,,,,,,,,,,,,,,,,,,,,,,,,,,,,,,,,,,,,,,,,,,,,,,,,,,,,,,,,,,8877,MLK,Address,2022-01-17 15:48:54,ADMIN,2022-01-17 15:49:19,ADMIN
,MFM3000004,06/02/1980,Y,HOME,536 Turner Avenue,,Drexel Hill,,PA,19026,US,,,,,,,,,,,,,,,,,,,,,,,,,,,,,,,,,,,,,,,,,,,,,,,,,,,,,,,,,,,,,,,,,,,,,,,,,,,,,,,,,,,,,,,,,,,,,,,,,,,,,,,,,,,,,,,,,,,,,,,8878,MLK,Address,2022-01-17 15:48:54,ADMIN,2022-01-17 15:49:19,ADMIN
,MFM3000005,03/20/1978,Y,HOME,2112 Forrester Ave,,Holmes,,PA,19043,US,,,,,,,,,,,,,,,,,,,,,,,,,,,,,,,,,,,,,,,,,,,,,,,,,,,,,,,,,,,,,,,,,,,,,,,,,,,,,,,,,,,,,,,,,,,,,,,,,,,,,,,,,,,,,,,,,,,,,,,8879,MLK,Address,2022-01-17 15:48:54,ADMIN,2022-01-17 15:49:19,ADMIN
,MFM3000006,04/12/1980,Y,HOME,804 Addingham Avenue,,Drexel Hill,,PA,19026,US,,,,,,,,,,,,,,,,,,,,,,,,,,,,,,,,,,,,,,,,,,,,,,,,,,,,,,,,,,,,,,,,,,,,,,,,,,,,,,,,,,,,,,,,,,,,,,,,,,,,,,,,,,,,,,,,,,,,,,,8880,MLK,Address,2022-01-17 15:48:54,ADMIN,2022-01-17 15:49:19,ADMIN
,MFM3000007,06/23/1975,Y,HOME,1202 Eagle Road,,West Chester,,PA,19382,US,,,,,,,,,,,,,,,,,,,,,,,,,,,,,,,,,,,,,,,,,,,,,,,,,,,,,,,,,,,,,,,,,,,,,,,,,,,,,,,,,,,,,,,,,,,,,,,,,,,,,,,,,,,,,,,,,,,,,,,8881,MLK,Address,2022-01-17 15:48:54,ADMIN,2022-01-17 15:49:19,ADMIN
,MFM3000008,06/01/2015,Y,HOME,325 Crescent Hill Drive,,Havertown,,PA,19083,US,,,,,,,,,,,,,,,,,,,,,,,,,,,,,,,,,,,,,,,,,,,,,,,,,,,,,,,,,,,,,,,,,,,,,,,,,,,,,,,,,,,,,,,,,,,,,,,,,,,,,,,,,,,,,,,,,,,,,,,8882,MLK,Address,2022-01-17 15:48:54,ADMIN,2022-01-17 15:49:19,ADMIN
,MFM3000009,10/07/2015,Y,HOME,45 Newtown Woods Road,,Newtown Square,,PA,19073,US,,,,,,,,,,,,,,,,,,,,,,,,,,,,,,,,,,,,,,,,,,,,,,,,,,,,,,,,,,,,,,,,,,,,,,,,,,,,,,,,,,,,,,,,,,,,,,,,,,,,,,,,,,,,,,,,,,,,,,,8883,MLK,Address,2022-01-17 15:48:54,ADMIN,2022-01-17 15:49:19,ADMIN
,MFM3000010,09/29/1979,Y,HOME,466 Barker Road,,Springfield,,PA,19064,US,,,,,,,,,,,,,,,,,,,,,,,,,,,,,,,,,,,,,,,,,,,,,,,,,,,,,,,,,,,,,,,,,,,,,,,,,,,,,,,,,,,,,,,,,,,,,,,,,,,,,,,,,,,,,,,,,,,,,,,8884,MLK,Address,2022-01-17 15:48:54,ADMIN,2022-01-17 15:49:19,ADMIN
,MFM3000011,08/07/1978,Y,HOME,911 Primos Avenue,,Secane,,PA,19018,US,,,,,,,,,,,,,,,,,,,,,,,,,,,,,,,,,,,,,,,,,,,,,,,,,,,,,,,,,,,,,,,,,,,,,,,,,,,,,,,,,,,,,,,,,,,,,,,,,,,,,,,,,,,,,,,,,,,,,,,8885,MLK,Address,2022-01-17 15:48:54,ADMIN,2022-01-17 15:49:19,ADMIN
,MFM3000012,06/04/1979,Y,HOME,703 Cedar Grove Rd,,Broomall,,PA,19008,US,,,,,,,,,,,,,,,,,,,,,,,,,,,,,,,,,,,,,,,,,,,,,,,,,,,,,,,,,,,,,,,,,,,,,,,,,,,,,,,,,,,,,,,,,,,,,,,,,,,,,,,,,,,,,,,,,,,,,,,8886,MLK,Address,2022-01-17 15:48:54,ADMIN,2022-01-17 15:49:19,ADMIN
,MFM3000013,09/16/1974,Y,HOME,214 So Manoa Rd,,Havertown,,PA,19083,US,,,,,,,,,,,,,,,,,,,,,,,,,,,,,,,,,,,,,,,,,,,,,,,,,,,,,,,,,,,,,,,,,,,,,,,,,,,,,,,,,,,,,,,,,,,,,,,,,,,,,,,,,,,,,,,,,,,,,,,8887,MLK,Address,2022-01-17 15:48:54,ADMIN,2022-01-17 15:49:19,ADMIN
,MFM3000001,01/16/1978,HIRE,,01/16/1978,ABC Inc.,E,Y,,,,,,,,,,,Global Data Elements,,,,,,,,,,,,,,,,,,,,,,,,,,,,,,,,,,,,,,,,,,,,,,,,,,,,,,,,,,,,,,,,,,,,,,,,,,,,,,,,,,,,,,,,,,,,,,,,,,,,,,,,,,,,,,,8715,MLK,WorkRel,2022-01-17 15:41:19,ADMIN,2022-01-17 15:41:41,ADMIN
,MFM3000002,11/28/1977,HIRE,,11/28/1977,NorthPoint Group,E,Y,,,,,,,,,,,Global Data Elements,,,,,,,,,,,,,,,,,,,,,,,,,,,,,,,,,,,,,,,,,,,,,,,,,,,,,,,,,,,,,,,,,,,,,,,,,,,,,,,,,,,,,,,,,,,,,,,,,,,,,,,,,,,,,,,8716,MLK,WorkRel,2022-01-17 15:41:19,ADMIN,2022-01-17 15:41:41,ADMIN
,MFM3000003,06/18/1979,HIRE,,06/18/1979,XYZ LLC,E,Y,02/10/2020,,,,,,,,,,Global Data Elements,,,,,,,,,,,,,,,,,,,,,,,,,,,,,,,,,,,,,,,,,,,,,,,,,,,,,,,,,,,,,,,,,,,,,,,,,,,,,,,,,,,,,,,,,,,,,,,,,,,,,,,,,,,,,,,8717,MLK,WorkRel,2022-01-17 15:41:19,ADMIN,2022-01-17 15:41:41,ADMIN
,MFM3000004,06/02/1980,HIRE,,06/02/1980,ABC Inc.,E,Y,03/11/2020,,,,,,,,,,Global Data Elements,,,,,,,,,,,,,,,,,,,,,,,,,,,,,,,,,,,,,,,,,,,,,,,,,,,,,,,,,,,,,,,,,,,,,,,,,,,,,,,,,,,,,,,,,,,,,,,,,,,,,,,,,,,,,,,8718,MLK,WorkRel,2022-01-17 15:41:19,ADMIN,2022-01-17 15:41:41,ADMIN
,MFM3000005,03/20/1978,HIRE,,03/20/1978,NorthPoint Group,E,Y,,,,,,,,,,,Global Data Elements,,,,,,,,,,,,,,,,,,,,,,,,,,,,,,,,,,,,,,,,,,,,,,,,,,,,,,,,,,,,,,,,,,,,,,,,,,,,,,,,,,,,,,,,,,,,,,,,,,,,,,,,,,,,,,,8719,MLK,WorkRel,2022-01-17 15:41:19,ADMIN,2022-01-17 15:41:41,ADMIN
,MFM3000006,04/12/1980,HIRE,,04/12/1980,XYZ LLC,E,Y,,,,,,,,,,,Global Data Elements,,,,,,,,,,,,,,,,,,,,,,,,,,,,,,,,,,,,,,,,,,,,,,,,,,,,,,,,,,,,,,,,,,,,,,,,,,,,,,,,,,,,,,,,,,,,,,,,,,,,,,,,,,,,,,,8720,MLK,WorkRel,2022-01-17 15:41:19,ADMIN,2022-01-17 15:41:41,ADMIN
,MFM3000007,06/23/1975,HIRE,,06/23/1975,ABC Inc.,E,Y,,,,,,,,,,,Global Data Elements,,,,,,,,,,,,,,,,,,,,,,,,,,,,,,,,,,,,,,,,,,,,,,,,,,,,,,,,,,,,,,,,,,,,,,,,,,,,,,,,,,,,,,,,,,,,,,,,,,,,,,,,,,,,,,,8721,MLK,WorkRel,2022-01-17 15:41:19,ADMIN,2022-01-17 15:41:41,ADMIN
,MFM3000008,06/01/2015,HIRE,,06/01/2015,NorthPoint Group,E,Y,,,,,,,,,,,Global Data Elements,,,,,,,,,,,,,,,,,,,,,,,,,,,,,,,,,,,,,,,,,,,,,,,,,,,,,,,,,,,,,,,,,,,,,,,,,,,,,,,,,,,,,,,,,,,,,,,,,,,,,,,,,,,,,,,8722,MLK,WorkRel,2022-01-17 15:41:19,ADMIN,2022-01-17 15:41:41,ADMIN
,MFM3000009,10/07/2015,HIRE,,10/07/2015,XYZ LLC,E,Y,,,,,,,,,,,Global Data Elements,,,,,,,,,,,,,,,,,,,,,,,,,,,,,,,,,,,,,,,,,,,,,,,,,,,,,,,,,,,,,,,,,,,,,,,,,,,,,,,,,,,,,,,,,,,,,,,,,,,,,,,,,,,,,,,8723,MLK,WorkRel,2022-01-17 15:41:19,ADMIN,2022-01-17 15:41:41,ADMIN
,MFM3000010,09/29/1979,HIRE,,09/29/1979,ABC Inc.,E,Y,,,,,,,,,,,Global Data Elements,,,,,,,,,,,,,,,,,,,,,,,,,,,,,,,,,,,,,,,,,,,,,,,,,,,,,,,,,,,,,,,,,,,,,,,,,,,,,,,,,,,,,,,,,,,,,,,,,,,,,,,,,,,,,,,8724,MLK,WorkRel,2022-01-17 15:41:19,ADMIN,2022-01-17 15:41:41,ADMIN
,MFM3000011,08/07/1978,HIRE,,08/07/1978,NorthPoint Group,E,Y,,,,,,,,,,,Global Data Elements,,,,,,,,,,,,,,,,,,,,,,,,,,,,,,,,,,,,,,,,,,,,,,,,,,,,,,,,,,,,,,,,,,,,,,,,,,,,,,,,,,,,,,,,,,,,,,,,,,,,,,,,,,,,,,,8725,MLK,WorkRel,2022-01-17 15:41:19,ADMIN,2022-01-17 15:41:41,ADMIN
,MFM3000012,06/04/1979,HIRE,,06/04/1979,XYZ LLC,E,Y,,,,,,,,,,,Global Data Elements,,,,,,,,,,,,,,,,,,,,,,,,,,,,,,,,,,,,,,,,,,,,,,,,,,,,,,,,,,,,,,,,,,,,,,,,,,,,,,,,,,,,,,,,,,,,,,,,,,,,,,,,,,,,,,,8726,MLK,WorkRel,2022-01-17 15:41:19,ADMIN,2022-01-17 15:41:41,ADMIN
,MFM3000013,09/16/1974,HIRE,,09/16/1974,ABC Inc.,E,Y,,,,,,,,,,,Global Data Elements,,,,,,,,,,,,,,,,,,,,,,,,,,,,,,,,,,,,,,,,,,,,,,,,,,,,,,,,,,,,,,,,,,,,,,,,,,,,,,,,,,,,,,,,,,,,,,,,,,,,,,,,,,,,,,,8727,MLK,WorkRel,2022-01-17 15:41:19,ADMIN,2022-01-17 15:41:41,ADMIN
,MFM3000014,01/24/2016,HIRE,,01/24/2016,NorthPoint Group,C,Y,,,,,,,,,,,Global Data Elements,,,,,,,,,,,,,,,,,,,,,,,,,,,,,,,,,,,,,,,,,,,,,,,,,,,,,,,,,,,,,,,,,,,,,,,,,,,,,,,,,,,,,,,,,,,,,,,,,,,,,,,,,,,,,,,8728,MLK,WorkRel,2022-01-17 15:41:19,ADMIN,2022-01-17 15:41:41,ADMIN
,MFM3000015,04/06/2014,HIRE,,04/06/2014,XYZ LLC,C,Y,,,,,,,,,,,Global Data Elements,,,,,,,,,,,,,,,,,,,,,,,,,,,,,,,,,,,,,,,,,,,,,,,,,,,,,,,,,,,,,,,,,,,,,,,,,,,,,,,,,,,,,,,,,,,,,,,,,,,,,,,,,,,,,,,8729,MLK,WorkRel,2022-01-17 15:41:19,ADMIN,2022-01-17 15:41:41,ADMIN
,MFM3000016,07/09/2018,HIRE,,07/09/2018,ABC Inc.,C,Y,,,,,,,,,,,Global Data Elements,,,,,,,,,,,,,,,,,,,,,,,,,,,,,,,,,,,,,,,,,,,,,,,,,,,,,,,,,,,,,,,,,,,,,,,,,,,,,,,,,,,,,,,,,,,,,,,,,,,,,,,,,,,,,,,8730,MLK,WorkRel,2022-01-17 15:41:19,ADMIN,2022-01-17 15:41:41,ADMIN
,MFM3000014,01/24/2016,Y,HOME,5008 Marvine Road,,Drexel Hill,,PA,19026,US,,,,,,,,,,,,,,,,,,,,,,,,,,,,,,,,,,,,,,,,,,,,,,,,,,,,,,,,,,,,,,,,,,,,,,,,,,,,,,,,,,,,,,,,,,,,,,,,,,,,,,,,,,,,,,,,,,,,,,,8888,MLK,Address,2022-01-17 15:48:54,ADMIN,2022-01-17 15:49:19,ADMIN
,MFM3000015,04/06/2014,Y,HOME,202 Pembroke Road,,Havertown,,PA,19083,US,,,,,,,,,,,,,,,,,,,,,,,,,,,,,,,,,,,,,,,,,,,,,,,,,,,,,,,,,,,,,,,,,,,,,,,,,,,,,,,,,,,,,,,,,,,,,,,,,,,,,,,,,,,,,,,,,,,,,,,8889,MLK,Address,2022-01-17 15:48:54,ADMIN,2022-01-17 15:49:19,ADMIN
,MFM3000016,07/09/2018,Y,HOME,107 Mckinley Ave,,Lansdowne,,PA,19050,US,,,,,,,,,,,,,,,,,,,,,,,,,,,,,,,,,,,,,,,,,,,,,,,,,,,,,,,,,,,,,,,,,,,,,,,,,,,,,,,,,,,,,,,,,,,,,,,,,,,,,,,,,,,,,,,,,,,,,,,8890,MLK,Address,2022-01-17 15:48:54,ADMIN,2022-01-17 15:49:19,ADMIN
,MFM3000017,10/14/2018,Y,HOME,1293 Country Club Dr,,Springfield,,PA,19064,US,,,,,,,,,,,,,,,,,,,,,,,,,,,,,,,,,,,,,,,,,,,,,,,,,,,,,,,,,,,,,,,,,,,,,,,,,,,,,,,,,,,,,,,,,,,,,,,,,,,,,,,,,,,,,,,,,,,,,,,8891,MLK,Address,2022-01-17 15:48:54,ADMIN,2022-01-17 15:49:19,ADMIN
,MFM3000018,04/06/2014,Y,HOME,387 Westbourne Drive,,Broomall,,PA,19008,US,,,,,,,,,,,,,,,,,,,,,,,,,,,,,,,,,,,,,,,,,,,,,,,,,,,,,,,,,,,,,,,,,,,,,,,,,,,,,,,,,,,,,,,,,,,,,,,,,,,,,,,,,,,,,,,,,,,,,,,8892,MLK,Address,2022-01-17 15:48:54,ADMIN,2022-01-17 15:49:19,ADMIN
,MFM3000019,07/09/2018,Y,HOME,502 Anderson Ave,,Drexel Hill,,PA,19026,US,,,,,,,,,,,,,,,,,,,,,,,,,,,,,,,,,,,,,,,,,,,,,,,,,,,,,,,,,,,,,,,,,,,,,,,,,,,,,,,,,,,,,,,,,,,,,,,,,,,,,,,,,,,,,,,,,,,,,,,8893,MLK,Address,2022-01-17 15:48:54,ADMIN,2022-01-17 15:49:19,ADMIN
,MFM3000020,10/14/2018,Y,HOME,2720 Whittleby Court,,West Chester,,PA,19382,US,,,,,,,,,,,,,,,,,,,,,,,,,,,,,,,,,,,,,,,,,,,,,,,,,,,,,,,,,,,,,,,,,,,,,,,,,,,,,,,,,,,,,,,,,,,,,,,,,,,,,,,,,,,,,,,,,,,,,,,8894,MLK,Address,2022-01-17 15:48:54,ADMIN,2022-01-17 15:49:19,ADMIN
